{
    "width": 256,
    "height": 256,
    "intrinsic_matrix": [
        477.7025146484375,
        0.0,
        0.0,
        0.0,
        477.7025146484375,
        0.0,
        128.0,
        128.0,
        1.0
    ]
}