{
    "width": 848,
    "height": 480,
    "intrinsic_matrix": [
        432.031769,
        0.0,
        0.0,
        0.0,
        432.031769,
        0.0,
        433.832458,
        243.100967,
        1.0
    ]
}